instance_id,framework,language,repository,seed_path,defects,reported_defects,unreported_defects,defect_type_tags,f2p_checkpoints,p2p_checkpoints,total_checkpoints,verifier_timeout_sec,gold_patch_files,gold_patch_changed_lines,score_qwen3_8_max,f2p_rate_qwen3_8_max,p2p_rate_qwen3_8_max,build_failed_qwen3_8_max,score_qwen3_6_flash,f2p_rate_qwen3_6_flash,p2p_rate_qwen3_6_flash,build_failed_qwen3_6_flash
repair-angular__angular-editor-fabric-js-01,angular,typescript,saqib92/angular-editor-fabric-js,repo/angular/angular-editor-fabric-js,13,7,6,13,14,12,26,1500.0,3,24,52.38,0.5714,0.9167,False,0,,,True
repair-angular__angular-example-app-01,angular,typescript,angular/angular-example-app,repo/angular/angular-example-app,12,7,5,12,19,9,28,1800.0,13,31,0,,,True,0,,,True
repair-angular__angular-material-admin-full-01,angular,typescript,flatlogic/angular-material-admin-full,repo/angular/angular-material-admin-full,12,7,5,12,12,8,20,1800.0,7,24,,,,,,,,
repair-angular__angular-material-dashboard-01,angular,typescript,soufiane-fadil/angular-material-dashboard,repo/angular/angular-material-dashboard,12,6,6,12,12,29,41,1800.0,12,24,69.83,0.75,0.931,False,72.41,0.75,0.9655,False
repair-angular__angular-minesweeper-01,angular,typescript,angular/angular-minesweeper,repo/angular/angular-minesweeper,13,7,6,13,12,13,25,1800.0,5,42,14.1,0.1667,0.8462,False,25.64,0.3333,0.7692,False
repair-angular__angular-movie-app-01,angular,typescript,abidakram01/angular-movie-app,repo/angular/angular-movie-app,12,6,6,12,12,28,40,1800.0,12,25,46.43,0.5,0.9286,False,44.64,0.5,0.8929,False
repair-angular__angular-rpg-01,angular,typescript,angular/angular-rpg,repo/angular/angular-rpg,12,5,7,12,12,18,30,2400.0,10,24,33.33,0.3333,1,False,34.72,0.4167,0.8333,False
repair-angular__angular-tailwind-01,angular,typescript,lannodev/angular-tailwind,repo/angular/angular-tailwind,12,7,5,12,12,12,24,1800.0,12,24,,,,,,,,
repair-angular__angular-tetris-01,angular,typescript,angular/angular-tetris,repo/angular/angular-tetris,11,6,5,10,14,20,34,1800.0,6,32,35.71,0.3571,1,False,47.5,0.5,0.95,False
repair-angular__angular-tiptap-editor-01,angular,typescript,FloGeez/angular-tiptap-editor,repo/angular/angular-tiptap-editor,12,7,5,12,12,12,24,1800.0,12,24,,,,,,,,
repair-angular__architectui-angular-01,angular,typescript,DashboardPack/architectui-angular-theme-free,repo/angular/architectui-angular-theme-free,12,7,5,12,12,21,33,1800.0,13,26,45.24,0.5,0.9048,False,28.57,0.3333,0.8571,False
repair-angular__casual-chess-01,angular,typescript,angular/casual-chess,repo/angular/casual-chess,12,6,6,12,12,13,25,900.0,4,26,15.38,0.1667,0.9231,False,23.08,0.25,0.9231,False
repair-angular__chatbot-angular-palm-01,angular,typescript,luixaviles/chatbot-angular-palm,repo/angular/chatbot-angular-palm,12,5,7,12,13,18,31,1800.0,6,23,53.85,0.5385,1,False,53.85,0.5385,1,False
repair-angular__code-editor-01,angular,typescript,acrodata/code-editor,repo/angular/code-editor,12,6,6,12,12,29,41,1800.0,12,25,0,,,True,0,,,True
repair-angular__core-keeper-save-editor-01,angular,typescript,halilbahar/core-keeper-save-editor,repo/angular/core-keeper-save-editor,12,7,5,12,12,28,40,1800.0,11,55,50,0.5,1,False,46.43,0.5,0.9286,False
repair-angular__d3-car-dashboard-01,angular,typescript,angular/d3-car-dashboard,repo/angular/d3-car-dashboard,12,6,6,12,12,30,42,1800.0,5,24,40.28,0.4167,0.9667,False,15.56,0.3333,0.4667,False
repair-angular__drumbeat-01,angular,typescript,angular/drumbeat,repo/angular/drumbeat,13,0,0,6,13,17,30,900.0,9,31,61.54,0.6154,1,False,53.85,0.5385,1,False
repair-angular__factoriolab-01,angular,typescript,angular/factoriolab,repo/angular/factoriolab,12,6,6,12,12,18,30,2400.0,12,38,29.63,0.3333,0.8889,False,22.22,0.25,0.8889,False
repair-angular__free-angular-tailwind-dashboard-01,angular,typescript,TailAdmin/free-angular-tailwind-dashboard,repo/angular/free-angular-tailwind-dashboard,12,6,6,12,12,31,43,1800.0,10,24,,,,,,,,
repair-angular__getmando-01,angular,typescript,rackandhost/getmando,repo/angular/getmando,12,7,5,12,12,20,32,1800.0,11,27,66.67,0.6667,1,False,0,,,True
repair-angular__graphml-viewer-01,angular,typescript,Abhi5h3k/graphml-viewer,repo/angular/graphml-viewer,12,7,5,12,12,30,42,2400.0,7,35,40.28,0.4167,0.9667,False,41.67,0.4167,1,False
repair-angular__idlespace-01,angular,typescript,angular/idlespace,repo/angular/idlespace,12,7,5,12,12,17,29,2400.0,10,24,50,0.5,1,False,58.33,0.5833,1,False
repair-angular__jira-clone-angular-01,angular,typescript,trungk18/jira-clone-angular,repo/angular/jira-clone-angular,13,7,6,13,13,12,25,1800.0,12,30,91.67,1,0.9167,False,0,,,True
repair-angular__json-i18n-editor-01,angular,typescript,yboris/json-i18n-editor,repo/angular/json-i18n-editor,12,6,6,12,12,30,42,1800.0,8,23,50,0.5,1,False,0,0,0.0333,False
repair-angular__material-angular-dashboard-01,angular,typescript,angular/material-angular-dashboard,repo/angular/material-angular-dashboard,12,7,5,12,12,29,41,900.0,12,40,56.32,0.5833,0.9655,False,48.28,0.5,0.9655,False
repair-angular__ng-alain-01,angular,typescript,ng-alain/ng-alain,repo/angular/ng-alain,10,6,4,10,12,30,42,1800.0,9,19,48.33,0.5,0.9667,False,48.33,0.5,0.9667,False
repair-angular__ng-devui-admin-01,angular,typescript,DevCloudFE/ng-devui-admin,repo/angular/ng-devui-admin,12,7,5,12,12,26,38,1800.0,11,22,,,,,,,,
repair-angular__ng-lite-todo-01,angular,typescript,sinedied/ng-lite-todo,repo/angular/ng-lite-todo,12,7,5,1,12,30,42,2400,5,26,77.7778,0.833333,0.933333,False,57.7778,0.666667,0.866667,False
repair-angular__ngrx-material-starter-01,angular,typescript,angular/ngrx-material-starter,repo/angular/ngrx-material-starter,14,7,7,14,15,11,26,1500.0,12,27,60,0.6,1,False,66.67,0.6667,1,False
repair-angular__ngx-admin-01,angular,typescript,akveo/ngx-admin,repo/angular/ngx-admin,11,6,5,11,11,22,33,1800.0,11,139,54.55,0.5455,1,False,0,,,True
repair-angular__ngx-chess-board-01,angular,typescript,grzegorz103/ngx-chess-board,repo/angular/ngx-chess-board,12,7,5,12,12,15,27,1800.0,6,24,58.33,0.5833,1,False,50,0.5,1,False
repair-angular__ngx-widget-grid-01,angular,typescript,github.com/envyN/ngx-widget-grid,repo/angular/ngx-widget-grid,12,7,5,0,12,26,38,1800.0,5,25,,,,,,,,
repair-angular__pokedex-angular-app-01,angular,typescript,HybridShivam/pokedex-angular-app,repo/angular/pokedex-angular-app,12,7,5,12,12,13,25,1800.0,7,27,58.33,0.5833,1,False,0,,,True
repair-angular__quizify-01,angular,typescript,daniel-szulc/quizify,repo/angular/quizify,12,7,5,12,12,13,25,1800.0,9,24,58.33,0.5833,1,False,0,,,True
repair-angular__realworld-angular-01,angular,typescript,angular/realworld-angular,repo/angular/realworld-angular,11,6,5,11,15,19,34,1500.0,9,28,46.67,0.4667,1,False,37.89,0.4,0.9474,False
repair-angular__report-editor-01,angular,typescript,YuhuaLi/report-editor,repo/angular/report-editor,12,6,6,12,12,31,43,1800.0,9,24,36.29,0.4167,0.871,False,36.29,0.4167,0.871,False
repair-angular__sakai-ng-01,angular,typescript,primefaces/sakai-ng,repo/angular/sakai-ng,12,7,5,0,12,35,47,1800.0,11,48,,,,,,,,
repair-angular__skinet-01,angular,typescript,ElahehFarokhi/skinet,repo/angular/skinet,12,6,6,12,11,29,40,1800.0,12,30,54.55,0.5455,1,False,54.55,0.5455,1,False
repair-angular__spartan-admin-dashboard-01,angular,typescript,Oussemasahbeni/spartan-admin-dashboard,repo/angular/spartan-admin-dashboard,12,6,6,12,12,28,40,1800.0,12,31,,,,,,,,
repair-angular__suricate-01,angular,typescript,michelin/suricate,repo/angular/suricate,12,7,5,12,12,33,45,1800.0,11,41,,,,,,,,
repair-angular__swadit-01,angular,typescript,denis-martin/swadit,repo/angular/swadit,12,7,5,12,12,8,20,1800.0,8,26,,,,,,,,
repair-angular__swarlehtaire-01,angular,typescript,angular/swarlehtaire,repo/angular/swarlehtaire,12,0,0,12,12,13,25,900.0,7,26,50,0.5,1,False,41.67,0.4167,1,False
repair-angular__todo-app-ngrx-01,angular,typescript,nicobytes/todo-app-ngrx,repo/angular/todo-app-ngrx,12,7,5,12,12,12,24,1800.0,10,26,27.78,0.3333,0.8333,False,41.67,0.5,0.8333,False
repair-angular__trep-tracker-01,angular,typescript,angular/trep-tracker,repo/angular/trep-tracker,12,5,7,13,12,10,22,900.0,7,25,41.67,0.4167,1,False,33.33,0.3333,1,False
repair-angular__tugtainer-01,angular,typescript,Quenary/tugtainer,repo/angular/tugtainer,12,0,0,12,11,29,40,2400.0,12,46,63.64,0.6364,1,False,45.45,0.4545,1,False
repair-angular__turbopixel-01,angular,typescript,Turborium/TurboPixel,repo/angular/turbopixel,12,6,6,12,12,33,45,1800.0,7,29,50,0.5,1,False,41.67,0.4167,1,False
repair-react__15-puzzle-react-01,react,javascript,react-puzzle-games/15-puzzle-react,repo/react/15-puzzle-react,12,6,6,12,12,22,34,2400.0,6,31,55.68,0.5833,0.9545,False,0,,,True
repair-react__ace-step-ui-01,react,typescript,react/ace-step-ui,repo/react/ace-step-ui,12,6,6,12,12,22,34,1800.0,8,27,,,,,,,,
repair-react__admiral-01,react,typescript,react/admiral,repo/react/admiral,12,7,5,12,12,17,29,900.0,12,25,54.9,0.5833,0.9412,False,47.06,0.5,0.9412,False
repair-react__ant-design-pro-01,react,typescript,react/ant-design-pro,repo/react/ant-design-pro,12,5,7,12,14,18,32,1500.0,10,19,9.52,0.1429,0.6667,False,33.73,0.3571,0.9444,False
repair-react__arcomage-hd-01,react,typescript,react/arcomage-hd,repo/react/arcomage-hd,12,6,6,12,12,17,29,900.0,9,25,50,0.5,1,False,33.33,0.3333,1,False
repair-react__astexplorer-01,react,javascript,react/astexplorer,repo/react/astexplorer,12,7,5,12,12,22,34,3600.0,12,22,,,,,,,,
repair-react__battle-city-01,react,typescript,shinima/battle-city,repo/react/battle-city,12,7,5,12,12,30,42,2400.0,12,24,58.33,0.5833,1,False,27.78,0.3333,0.8333,False
repair-react__black-dashboard-react-01,react,javascript,react/black-dashboard-react,repo/react/black-dashboard-react,12,7,5,12,12,20,32,900.0,12,28,58.33,0.5833,1,False,58.33,0.5833,1,False
repair-react__block-sort-01,react,typescript,matthijsgroen/block-sort,repo/react/block-sort,12,7,5,12,12,24,36,2400.0,12,26,,,,,,,,
repair-react__bull-rush-01,react,typescript,react/bull-rush,repo/react/bull-rush,12,7,5,12,12,24,36,1800.0,12,28,0,0,0.0417,False,31.94,0.3333,0.9583,False
repair-react__coreui-free-react-01,react,javascript,react/coreui-free-react,repo/react/coreui-free-react,12,0,0,12,12,21,33,900.0,12,26,41.67,0.4167,1,False,26.98,0.3333,0.8095,False
repair-react__crossnote-app-01,react,typescript,react/crossnote-app,repo/react/crossnote-app,12,7,5,12,13,18,31,900.0,8,32,50.85,0.5385,0.9444,False,50.85,0.5385,0.9444,False
repair-react__dogecoin-simulator-01,react,typescript,react/dogecoin-simulator,repo/react/dogecoin-simulator,12,7,5,12,12,20,32,900.0,7,24,,,,,,,,
repair-react__drawdb-01,react,javascript,react/drawdb,repo/react/drawdb,11,4,7,11,11,24,35,1500.0,8,28,34.85,0.3636,0.9583,False,0,,,True
repair-react__dunno-01,react,typescript,react/dunno,repo/react/dunno,12,6,6,12,14,22,36,1500.0,11,35,57.14,0.5714,1,False,35.71,0.3571,1,False
repair-react__eletypes-01,react,javascript,react/eletypes,repo/react/eletypes,12,0,0,12,13,12,25,900.0,5,24,25.64,0.3846,0.6667,False,46.15,0.6154,0.75,False
repair-react__fabritor-web-01,react,typescript,react/fabritor-web,repo/react/fabritor-web,12,7,5,12,12,34,46,1800.0,11,31,56.62,0.5833,0.9706,False,56.62,0.5833,0.9706,False
repair-react__facebook-clone-01,react,typescript,saifulshihab/facebook-clone,repo/react/facebook-clone,12,7,5,12,12,14,26,1800.0,10,26,,,,,,,,
repair-react__filerobot-image-editor-01,react,javascript,react/filerobot-image-editor,repo/react/filerobot-image-editor,12,7,5,12,12,20,32,900.0,12,26,55.42,0.5833,0.95,False,47.5,0.5,0.95,False
repair-react__fortune-sheet-01,react,typescript,react/fortune-sheet,repo/react/fortune-sheet,12,7,5,5,14,22,36,1200.0,9,51,45.45,0.5,0.9091,False,38.96,0.4286,0.9091,False
repair-react__free-react-tailwind-admin-dashboard-01,react,typescript,react/free-react-tailwind-admin-dashboard,repo/react/free-react-tailwind-admin-dashboard,12,6,6,12,12,23,35,900.0,11,25,39.86,0.4167,0.9565,False,58.33,0.5833,1,False
repair-react__hospitalrun-repair-02,react,typescript,react/hospitalrun,repo/react/hospitalrun,10,0,0,1,10,14,24,1200.0,9,38,65,0.7,0.9286,False,65,0.7,0.9286,False
repair-react__idlecraft-01,react,typescript,react/idlecraft,repo/react/idlecraft,12,6,6,11,12,13,25,900.0,10,28,41.67,0.4167,1,False,3.21,0.0833,0.3846,False
repair-react__io-808-01,react,javascript,react/io-808,repo/react/io-808,10,0,0,6,10,14,24,900.0,7,19,83.57,0.9,0.9286,False,42.86,0.5,0.8571,False
repair-react__learn-react-app-01,react,javascript,react/learn-react-app,repo/react/learn-react-app,12,7,5,12,11,18,29,900.0,12,24,12.12,0.3636,0.3333,False,12.12,0.3636,0.3333,False
repair-react__loofi-01,react,typescript,react/loofi,repo/react/loofi,12,7,5,12,12,17,29,900.0,8,26,51.47,0.5833,0.8824,False,41.18,0.5,0.8235,False
repair-react__markdown-nice-01,react,javascript,react/markdown-nice,repo/react/markdown-nice,12,0,0,12,12,11,23,900.0,12,28,0,0,0,False,0,0,0,False
repair-react__markpad-01,react,typescript,react/markpad,repo/react/markpad,12,6,6,12,12,19,31,900.0,9,25,50,0.5,1,False,41.67,0.4167,1,False
repair-react__markra-01,react,typescript,markrahq/markra,repo/react/markra,12,7,5,12,12,20,32,3600.0,10,24,58.33,0.5833,1,False,58.33,0.5833,1,False
repair-react__material-dashboard-react-01,react,javascript,react/material-dashboard-react,repo/react/material-dashboard-react,12,7,5,12,12,20,32,900.0,12,31,66.67,0.6667,1,False,50,0.5,1,False
repair-react__meilisearch-ui-01,react,typescript,react/meilisearch-ui,repo/react/meilisearch-ui,12,7,5,12,12,17,29,900.0,8,26,,,,,,,,
repair-react__mochord-01,react,typescript,react/mochord,repo/react/mochord,12,7,5,12,12,26,38,1800.0,8,21,,,,,,,,
repair-react__mtsee-image-editor-01,react,typescript,react/mtsee-image-editor,repo/react/mtsee-image-editor,12,0,0,12,12,10,22,900.0,12,24,100,1,1,False,83.33,0.8333,1,False
repair-react__open-dronelog-01,react,typescript,react/open-dronelog,repo/react/open-dronelog,12,7,5,12,12,17,29,900.0,4,31,29.41,0.3333,0.8824,False,39.22,0.4167,0.9412,False
repair-react__pacman-react-01,react,typescript,react/pacman-react,repo/react/pacman-react,12,7,5,12,13,25,38,1800.0,13,37,,,,,,,,
repair-react__personal-kanban-01,react,typescript,react/personal-kanban,repo/react/personal-kanban,12,7,5,12,12,21,33,900.0,12,45,52.78,0.5833,0.9048,False,37.7,0.4167,0.9048,False
repair-react__pixel-art-react-01,react,javascript,jvalen/pixel-art-react,repo/react/pixel-art-react,12,7,5,12,12,10,22,1800.0,11,30,33.33,0.3333,1,False,50,0.5,1,False
repair-react__pointless-01,react,javascript,react/pointless,repo/react/pointless,12,7,5,12,12,23,35,900.0,9,25,,,,,,,,
repair-react__react-image-editor-01,react,javascript,react/react-image-editor,repo/react/react-image-editor,12,7,5,12,12,10,22,900.0,12,35,45,0.5,0.9,False,37.5,0.4167,0.9,False
repair-react__react-piano-01,react,javascript,react/react-piano,repo/react/react-piano,12,7,5,12,12,20,32,900.0,12,28,50,0.5,1,False,58.33,0.5833,1,False
repair-react__react-tetris-01,react,javascript,react/react-tetris,repo/react/react-tetris,12,0,0,12,12,13,25,900.0,7,22,46.15,0.5,0.9231,False,41.67,0.4167,1,False
repair-react__readme-so-01,react,javascript,octokatherine/readme.so,repo/react/readme-so,13,7,6,13,14,12,26,1500.0,6,28,64.29,0.6429,1,False,35.71,0.3571,1,False
repair-react__seven23-01,react,javascript,react/seven23,repo/react/seven23,12,0,0,12,12,12,24,900.0,11,38,50,0.5,1,False,41.67,0.4167,1,False
repair-react__takenote-01,react,typescript,react/takenote,repo/react/takenote,12,6,6,13,12,26,38,1500.0,10,21,0,0,0.0385,False,0,0,0.0385,False
repair-react__truck-tools-01,react,typescript,react/truck-tools,repo/react/truck-tools,12,7,5,12,12,18,30,900.0,10,24,58.33,0.5833,1,False,19.44,0.25,0.7778,False
repair-react__webamp-01,react,typescript,react/webamp,repo/react/webamp,14,8,6,14,14,15,29,900.0,10,29,43.33,0.5,0.8667,False,43.33,0.5,0.8667,False
repair-react__word-master-01,react,typescript,octokatherine/word-master,repo/react/word-master,12,6,6,12,12,22,34,2400.0,6,22,75.76,0.8333,0.9091,False,63.64,0.6667,0.9545,False
repair-react__ytubic-01,react,typescript,react/ytubic,repo/react/ytubic,12,7,5,12,12,18,30,900.0,7,24,66.67,0.6667,1,False,66.67,0.6667,1,False
repair-react__zhithead-01,react,typescript,react/zhithead,repo/react/zhithead,12,7,5,12,12,22,34,600.0,7,24,,,,,,,,
repair-solid__ai-translate-01,solid,typescript,rafael-vasconcellos/ai-translate,repo/solid/ai-translate,12,7,5,12,12,20,32,1800.0,9,24,58.33,0.5833,1,False,41.67,0.4167,1,False
repair-solid__angadrivev3-01,solid,typescript,solid/angadrivev3,repo/solid/angadrivev3,12,7,5,12,12,30,42,900.0,5,22,,,,,,,,
repair-solid__camunda_modeler_logicflowify-01,solid,typescript,solid/camunda_modeler_logicflowify,repo/solid/camunda_modeler_logicflowify,12,7,5,12,12,18,30,900.0,9,40,51.85,0.6667,0.7778,False,10.19,0.1667,0.6111,False
repair-solid__duckparty-frontend-01,solid,typescript,omidnikrah/duckparty-frontend,repo/solid/duckparty-frontend,12,7,5,12,12,13,25,1800.0,12,25,,,,,,,,
repair-solid__fit-launcher-01,solid,typescript,CarrotRub/Fit-Launcher,repo/solid/fit-launcher,12,7,5,12,12,12,24,1800.0,11,27,,,,,,,,
repair-solid__guinetik-01,solid,javascript,guinetik/guinetik,repo/solid/guinetik,12,7,5,12,12,19,31,1800.0,9,44,58.33,0.5833,1,False,66.67,0.6667,1,False
repair-solid__hlviewer.js-01,solid,typescript,skyrim/hlviewer.js,repo/solid/hlviewer.js,12,6,6,12,13,18,31,1800.0,8,21,69.23,0.6923,1,False,69.23,0.6923,1,False
repair-solid__holodevdao-01,solid,typescript,naomiHauret/holodevdao,repo/solid/holodevdao,12,7,5,12,12,20,32,1800.0,7,51,50,0.5,1,False,47.5,0.5,0.95,False
repair-solid__iplayer-arr-01,solid,typescript,solid/iplayer-arr,repo/solid/iplayer-arr,12,7,5,12,12,18,30,900.0,8,22,58.33,0.5833,1,False,66.67,0.6667,1,False
repair-solid__krestianstvo-playground-01,solid,javascript,NikolaySuslov/krestianstvo-playground,repo/solid/krestianstvo-playground,12,6,6,12,12,19,31,1800.0,8,24,50,0.5,1,False,0,,,True
repair-solid__microtube-01,solid,typescript,solid/microtube,repo/solid/microtube,12,7,5,12,12,18,30,1800.0,7,26,58.33,0.5833,1,False,50,0.5,1,False
repair-solid__minimal-chrome-tab-01,solid,typescript,khmm12/minimal-chrome-tab,repo/solid/minimal-chrome-tab,12,6,6,12,12,20,32,1800.0,11,26,41.67,0.4167,1,False,58.33,0.5833,1,False
repair-solid__realworld-solid-01,solid,javascript,solid/realworld-solid,repo/solid/realworld-solid,12,7,5,12,12,16,28,900.0,9,27,40.62,0.5,0.8125,False,27.08,0.3333,0.8125,False
repair-solid__shuthost-01,solid,typescript,solid/shuthost,repo/solid/shuthost,12,7,5,12,12,17,29,900.0,9,31,58.33,0.5833,1,False,58.33,0.5833,1,False
repair-solid__skillchecks-01,solid,typescript,guf1ck/skillchecks,repo/solid/skillchecks,12,6,6,12,12,18,30,1800.0,12,24,,,,,,,,
repair-solid__smart-text-editor-01,solid,typescript,Offroaders123/Smart-Text-Editor,repo/solid/smart-text-editor,12,6,6,12,12,20,32,840.0,10,28,0,0,0.1,False,0,0,0.1,False
repair-solid__solibee-01,solid,javascript,solid/solibee,repo/solid/solibee,12,7,5,12,12,21,33,1800.0,8,25,66.67,0.6667,1,False,50,0.5,1,False
repair-solid__solid-focus-01,solid,typescript,NoelDeMartin/solid-focus,repo/solid/solid-focus,12,5,7,12,12,15,27,1800.0,9,24,,,,,,,,
repair-solid__solid-game-of-life-01,solid,typescript,alanrsoares/solid-game-of-life,repo/solid/solid-game-of-life,12,6,6,12,12,20,32,1800.0,9,24,50,0.5,1,False,45,0.5,0.9,False
repair-solid__solid-minesweeper-01,solid,typescript,unxok/solid-minesweeper,repo/solid/solid-minesweeper,12,6,6,12,12,20,32,1800.0,4,30,58.33,0.5833,1,False,58.33,0.5833,1,False
repair-solid__solid-primitives-01,solid,typescript,solidjs-community/solid-primitives,repo/solid/solid-primitives,12,6,6,12,12,21,33,2400.0,11,24,,,,,,,,
repair-solid__solid-shopping-cart-01,solid,typescript,bpetermann/shopping-cart,repo/solid/shopping-cart,12,6,6,12,12,16,28,1800.0,10,24,41.67,0.4167,1,False,41.67,0.4167,1,False
repair-solid__solid-site-01,solid,typescript,solidjs/solid-site,repo/solid/solid-site,12,6,6,12,12,20,32,1800.0,6,24,58.33,0.5833,1,False,63.33,0.6667,0.95,False
repair-solid__soluid-01,solid,typescript,misebox/soluid,repo/solid/soluid,12,6,6,12,12,28,40,1800.0,12,25,,,,,,,,
repair-solid__synthhub-01,solid,typescript,utajum/SynthHUB,repo/solid/synthhub,12,6,6,12,12,33,45,1800.0,12,58,,,,,,,,
repair-svelte__15puzzle-01,svelte,javascript,tsriram/15puzzle,repo/svelte/15puzzle,12,7,5,12,12,28,40,1200.0,6,30,,,,,,,,
repair-svelte__8mb.local-01,svelte,typescript,JMS1717/8mb.local,repo/svelte/8mb.local,12,6,6,12,12,30,42,1800.0,12,26,,,,,,,,
repair-svelte__armoria-01,svelte,typescript,svelte/armoria,repo/svelte/armoria,12,6,6,10,13,10,23,900.0,9,26,41.54,0.4615,0.9,False,0,0,0.5,False
repair-svelte__asm-editor-01,svelte,javascript,Specy/asm-editor,repo/svelte/asm-editor,12,7,5,12,12,32,44,3600.0,11,28,,,,,,,,
repair-svelte__atom-clicker-01,svelte,typescript,svelte/atom-clicker,repo/svelte/atom-clicker,13,0,0,6,13,17,30,900.0,9,33,46.15,0.4615,1,False,0,,,True
repair-svelte__blockhead-01,svelte,typescript,darrylyeo/blockhead,repo/svelte/blockhead,12,7,5,12,12,26,38,3600.0,10,26,50,0.5,1,False,16.35,0.25,0.6538,False
repair-svelte__comine-01,svelte,typescript,nichind/comine,repo/svelte/comine,12,6,6,12,12,20,32,1800.0,8,24,47.5,0.5,0.95,False,39.58,0.4167,0.95,False
repair-svelte__compress-lol-01,svelte,typescript,sowahq/compress.lol,repo/svelte/compress.lol,12,7,5,12,12,40,52,2400.0,6,24,,,,,,,,
repair-svelte__figmaboy-01,svelte,typescript,svelte/figmaboy,repo/svelte/figmaboy,13,7,6,8,13,13,26,900.0,8,28,56.8,0.6154,0.9231,False,0,,,True
repair-svelte__flaggle-01,svelte,typescript,svelte/flaggle,repo/svelte/flaggle,11,0,0,6,11,14,25,900.0,7,24,0,0,0,False,0,0,0,False
repair-svelte__fluid-type-scale-calculator-01,svelte,typescript,svelte/fluid-type-scale-calculator,repo/svelte/fluid-type-scale-calculator,12,7,5,12,12,24,36,1800.0,7,23,,,,,,,,
repair-svelte__genshin-wish-sim-01,svelte,javascript,svelte/genshin-wish-sim,repo/svelte/genshin-wish-sim,13,7,6,13,13,13,26,900.0,12,28,53.85,0.5385,1,False,53.85,0.5385,1,False
repair-svelte__geoquest-01,svelte,typescript,woutdp/geoquest,repo/svelte/geoquest,12,7,5,12,12,13,25,1800.0,8,31,58.33,0.5833,1,False,50,0.5,1,False
repair-svelte__gesvelte-01,svelte,typescript,svelte/gesvelte,repo/svelte/gesvelte,12,5,7,12,12,19,31,1800.0,9,26,,,,,,,,
repair-svelte__ghostty-config-01,svelte,typescript,zerebos/ghostty-config,repo/svelte/ghostty-config,12,6,6,12,12,8,20,1800.0,12,33,,,,,,,,
repair-svelte__gittok.dev-01,svelte,typescript,svelte/gittok.dev,repo/svelte/gittok.dev,12,6,6,12,12,31,43,1800.0,11,25,,,,,,,,
repair-svelte__hexapipes-01,svelte,javascript,gereleth/hexapipes,repo/svelte/hexapipes,12,7,5,12,13,18,31,1500.0,8,24,50.85,0.5385,0.9444,False,41.03,0.4615,0.8889,False
repair-svelte__hue.tools-01,svelte,typescript,svelte/hue.tools,repo/svelte/hue.tools,12,7,5,12,12,24,36,1800.0,9,22,,,,,,,,
repair-svelte__loot-raiders-01,svelte,typescript,svelte/loot-raiders,repo/svelte/loot-raiders,12,0,0,7,12,11,23,900.0,9,29,41.67,0.4167,1,False,41.67,0.4167,1,False
repair-svelte__macos-web-01,svelte,typescript,svelte/macos-web,repo/svelte/macos-web,13,7,6,13,13,13,26,900.0,10,26,46.15,0.4615,1,False,42.6,0.4615,0.9231,False
repair-svelte__magidoc-01,svelte,typescript,magidoc-org/magidoc,repo/svelte/magidoc,12,6,6,11,12,23,35,2400.0,12,33,,,,,,,,
repair-svelte__mdflux-01,svelte,typescript,ibrahimqureshae/mdflux,repo/svelte/mdflux,12,7,5,1,12,36,48,1800.0,6,26,66.67,0.6667,1,False,58.33,0.5833,1,False
repair-svelte__mermaid-live-editor-01,svelte,typescript,svelte/mermaid-live-editor,repo/svelte/mermaid-live-editor,12,6,6,11,20,24,44,1800.0,11,35,33.54,0.35,0.9583,False,28.75,0.3,0.9583,False
repair-svelte__nimbo-01,svelte,typescript,svelte/nimbo,repo/svelte/nimbo,13,7,6,12,13,21,34,1500.0,12,32,43.96,0.4615,0.9524,False,0,0,0.0952,False
repair-svelte__patchcab-01,svelte,typescript,svelte/patchcab,repo/svelte/patchcab,12,7,5,12,12,24,36,2400.0,8,24,,,,,,,,
repair-svelte__personkanban-01,svelte,javascript,svelte/personkanban,repo/svelte/personkanban,13,6,7,14,13,11,24,900.0,6,30,0,0,1,False,0,0,1,False
repair-svelte__picture-frame-01,svelte,typescript,MateEke/picture-frame,repo/svelte/picture-frame,12,7,5,1,12,30,42,1800.0,11,26,,,,,,,,
repair-svelte__plinko-game-01,svelte,typescript,svelte/plinko-game,repo/svelte/plinko-game,10,0,0,6,11,14,25,900.0,7,30,45.45,0.4545,1,False,0,,,True
repair-svelte__shadcn-svelte-extras-01,svelte,typescript,svelte/shadcn-svelte-extras,repo/svelte/shadcn-svelte-extras,12,7,5,12,12,24,36,1800.0,11,24,,,,,,,,
repair-svelte__svelte-animations-01,svelte,typescript,SikandarJODD/svelte-animations,repo/svelte/svelte-animations,12,6,6,12,12,20,32,1500.0,11,30,,,,,,,,
repair-svelte__svelte-storm-01,svelte,typescript,svelte/svelte-storm,repo/svelte/svelte-storm,12,0,0,10,12,13,25,900.0,8,24,50,0.5,1,False,41.67,0.4167,1,False
repair-svelte__svelte-tablecn-01,svelte,javascript,itisyb/svelte-tablecn,repo/svelte/svelte-tablecn,12,7,5,12,12,28,40,1500.0,6,25,,,,,,,,
repair-svelte__svelte-tower-defence-01,svelte,typescript,svelte/svelte-tower-defence,repo/svelte/svelte-tower-defence,13,7,6,10,14,12,26,900.0,10,26,41.67,0.5,0.8333,False,41.67,0.5,0.8333,False
repair-svelte__svelte-video-editor-01,svelte,typescript,svelte/svelte-video-editor,repo/svelte/svelte-video-editor,13,7,6,7,13,12,25,900.0,8,25,61.54,0.6154,1,False,53.85,0.5385,1,False
repair-svelte__svelteforge-admin-01,svelte,typescript,svelte/svelteforge-admin,repo/svelte/svelteforge-admin,11,5,6,11,12,23,35,1800.0,7,20,41.67,0.4167,1,False,25,0.25,1,False
repair-svelte__sveltemark-01,svelte,typescript,svelte/sveltemark,repo/svelte/sveltemark,13,7,6,8,13,13,26,900.0,8,31,45.56,0.5385,0.8462,False,52.07,0.6154,0.8462,False
repair-svelte__visual-sorting-01,svelte,javascript,svelte/visual-sorting,repo/svelte/visual-sorting,14,0,0,5,19,38,57,900.0,6,47,0,0,0.9211,False,0,0,0.9211,False
repair-svelte__win11-svelte-01,svelte,typescript,svelte/win11-svelte,repo/svelte/win11-svelte,13,7,6,13,13,13,26,900.0,11,28,49.7,0.5385,0.9231,False,28.4,0.3077,0.9231,False
repair-svelte__wolfensvelte-01,svelte,typescript,svelte/wolfensvelte,repo/svelte/wolfensvelte,13,7,6,13,13,13,26,900.0,8,26,49.7,0.5385,0.9231,False,35.5,0.3846,0.9231,False
repair-svelte__word-peaks-01,svelte,typescript,svelte/word-peaks,repo/svelte/word-peaks,12,7,5,10,12,11,23,900.0,8,26,58.33,0.5833,1,False,25,0.25,1,False
repair-svelte__wordle-mikhad-01,svelte,typescript,svelte/wordle-mikhad,repo/svelte/wordle-mikhad,12,5,7,9,14,22,36,900.0,8,25,45.45,0.5,0.9091,False,40.91,0.4286,0.9545,False
repair-vanilla__1255-burgomaster-01,vanilla,javascript,vanilla/1255-burgomaster,repo/vanilla/1255-burgomaster,12,7,5,12,12,23,35,900.0,12,26,50,0.5,1,False,50,0.5,1,False
repair-vanilla__BlackJackJs-01,vanilla,javascript,Oli8/BlackJackJs,repo/vanilla/BlackJackJs,12,6,6,12,12,24,36,1800.0,5,26,,,,,,,,
repair-vanilla__MineWorld-01,vanilla,javascript,vanilla/MineWorld,repo/vanilla/MineWorld,12,7,5,12,12,23,35,1800.0,5,28,41.67,0.4167,1,False,33.33,0.3333,1,False
repair-vanilla__PolyPal-01,vanilla,javascript,vanilla/PolyPal,repo/vanilla/PolyPal,12,7,5,12,12,18,30,900.0,7,23,41.67,0.4167,1,False,50,0.5,1,False
repair-vanilla__VvvebJs-01,vanilla,javascript,vanilla/VvvebJs,repo/vanilla/VvvebJs,12,7,5,11,13,15,28,1500.0,6,28,0,0,0.1333,False,12.31,0.1538,0.8,False
repair-vanilla__aisandboxgame-01,vanilla,javascript,hayowei/aisandboxgame,repo/vanilla/aisandboxgame,12,7,5,12,12,20,32,900.0,6,23,,,,,,,,
repair-vanilla__annihilate-01,vanilla,javascript,vanilla/annihilate,repo/vanilla/annihilate,12,7,5,12,12,17,29,900.0,9,25,27.45,0.3333,0.8235,False,29.41,0.4167,0.7059,False
repair-vanilla__audiomass-01,vanilla,javascript,vanilla/audiomass,repo/vanilla/audiomass,13,7,6,8,12,18,30,900.0,6,53,51.85,0.5833,0.8889,False,41.67,0.5,0.8333,False
repair-vanilla__beepbox-01,vanilla,typescript,vanilla/beepbox,repo/vanilla/beepbox,12,6,6,11,12,12,24,900.0,6,32,45.83,0.5,0.9167,False,0,,,True
repair-vanilla__charlie-01,vanilla,typescript,thi-ng/charlie,repo/vanilla/charlie,12,7,5,12,12,13,25,1800.0,5,22,,,,,,,,
repair-vanilla__cherry-markdown-01,vanilla,javascript,vanilla/cherry-markdown,repo/vanilla/cherry-markdown,12,7,5,12,12,14,26,900.0,13,37,58.33,0.5833,1,False,58.33,0.5833,1,False
repair-vanilla__cm-chessboard-01,vanilla,javascript,shaack/cm-chessboard,repo/vanilla/cm-chessboard,12,7,5,12,12,21,33,1800.0,9,24,58.33,0.5833,1,False,47.62,0.5,0.9524,False
repair-vanilla__codersquiz-01,vanilla,javascript,qbentil/codersquiz,repo/vanilla/codersquiz,12,7,5,12,12,23,35,2400.0,4,25,,,,,,,,
repair-vanilla__cursedSouls-01,vanilla,javascript,Bozar/cursedSouls,repo/vanilla/cursedSouls,12,7,5,12,12,20,32,900.0,5,24,58.33,0.5833,1,False,55.42,0.5833,0.95,False
repair-vanilla__dead-valley-01,vanilla,javascript,vanilla/dead-valley,repo/vanilla/dead-valley,12,7,5,12,12,25,37,1800.0,12,31,58.33,0.5833,1,False,40,0.4167,0.96,False
repair-vanilla__domestic-cat-01,vanilla,javascript,lytexdev/Domestic-Cat,repo/vanilla/domestic-cat,12,6,6,12,12,22,34,1800.0,6,24,,,,,,,,
repair-vanilla__esp32-webStudio-IDE-01,vanilla,javascript,0xRadicalEd/esp32-webStudio-IDE,repo/vanilla/esp32-webStudio-IDE,12,6,6,12,12,29,41,900.0,3,33,58.33,0.5833,1,False,58.33,0.5833,1,False
repair-vanilla__fifteen-puzzle-maker-01,vanilla,javascript,vanilla/fifteen-puzzle-maker,repo/vanilla/fifteen-puzzle-maker,12,7,5,12,12,18,30,780.0,2,26,78.7,0.8333,0.9444,False,70.83,0.75,0.9444,False
repair-vanilla__gomoku-ai-01,vanilla,javascript,kevin2014123/gomoku-ai,repo/vanilla/gomoku-ai,12,7,5,12,12,20,32,900.0,3,107,,,,,,,,
repair-vanilla__hextris-game-01,vanilla,javascript,Krypto-etox/hextris-game,repo/vanilla/hextris-game,12,7,5,12,12,32,44,1800.0,6,24,,,,,,,,
repair-vanilla__hk-dashboard-01,vanilla,javascript,Jermen592/hk-dashboard,repo/vanilla/hk-dashboard,12,7,5,12,12,25,37,1800.0,7,24,50,0.5,1,False,50,0.5,1,False
repair-vanilla__isaac-webgame-01,vanilla,javascript,vanilla/isaac-webgame,repo/vanilla/isaac-webgame,12,7,5,12,12,30,42,900.0,6,29,50,0.5,1,False,41.67,0.4167,1,False
repair-vanilla__js-chess-game-01,vanilla,javascript,vanilla/js-chess-game,repo/vanilla/js-chess-game,12,8,4,12,12,28,40,900.0,4,29,41.67,0.4167,1,False,50,0.5,1,False
repair-vanilla__js-like-01,vanilla,javascript,vanilla/js-like,repo/vanilla/js-like,12,5,7,12,12,22,34,2400.0,10,22,,,,,,,,
repair-vanilla__js-minecraft-01,vanilla,javascript,vanilla/js-minecraft,repo/vanilla/js-minecraft,12,7,5,12,12,17,29,900.0,11,24,58.33,0.5833,1,False,33.33,0.3333,1,False
repair-vanilla__jsminesweeper-01,vanilla,javascript,vanilla/jsminesweeper,repo/vanilla/jsminesweeper,12,7,5,12,12,18,30,1800.0,6,34,41.67,0.4167,1,False,9.26,0.1667,0.5556,False
repair-vanilla__json-editor-01,vanilla,javascript,vanilla/json-editor,repo/vanilla/json-editor,12,7,5,12,12,14,26,900.0,9,23,46.43,0.5,0.9286,False,0,0,0.0714,False
repair-vanilla__jspaint-01,vanilla,javascript,vanilla/jspaint,repo/vanilla/jspaint,12,6,6,11,17,27,44,900.0,4,33,16.34,0.1765,0.9259,False,5.66,0.1176,0.4815,False
repair-vanilla__k-quiz-01,vanilla,javascript,SimranS22/K-Quiz,repo/vanilla/k-quiz,12,7,5,9,12,20,32,900.0,7,28,,,,,,,,
repair-vanilla__kaboom-game-01,vanilla,javascript,vanilla/kaboom-game,repo/vanilla/kaboom-game,12,7,5,12,12,21,33,1080.0,4,31,50,0.5,1,False,33.33,0.3333,1,False
repair-vanilla__life-simulator-01,vanilla,javascript,robert1811/life-simulator,repo/vanilla/life-simulator,12,7,5,12,12,25,37,1800.0,6,53,,,,,,,,
repair-vanilla__luckysheet-01,vanilla,javascript,vanilla/luckysheet,repo/vanilla/luckysheet,12,7,5,12,12,18,30,900.0,9,32,24.07,0.3333,0.7222,False,37.04,0.4167,0.8889,False
repair-vanilla__mapdraw-01,vanilla,javascript,mapdraw/mapdraw,repo/vanilla/mapdraw,12,7,5,12,12,30,42,1800.0,6,25,66.67,0.6667,1,False,41.67,0.4167,1,False
repair-vanilla__mario-maker-01,vanilla,javascript,pratishshr/mario-maker,repo/vanilla/mario-maker,12,6,6,12,12,23,35,900.0,12,24,,,,,,,,
repair-vanilla__markdown-viewer-01,vanilla,javascript,vanilla/markdown-viewer,repo/vanilla/markdown-viewer,12,7,5,12,12,12,24,900.0,4,23,,,,,,,,
repair-vanilla__method-draw-01,vanilla,javascript,vanilla/method-draw,repo/vanilla/method-draw,12,7,5,12,12,14,26,900.0,10,21,54.17,0.5833,0.9286,False,54.17,0.5833,0.9286,False
repair-vanilla__minesweeper-nickarocho-01,vanilla,javascript,nickarocho/minesweeper,repo/vanilla/minesweeper,12,0,0,12,12,20,32,1800.0,4,25,100,1,1,False,91.67,0.9167,1,False
repair-vanilla__mini-militia-01,vanilla,javascript,vanilla/mini-militia,repo/vanilla/mini-militia,12,7,5,12,12,20,32,1800.0,9,38,50,0.5,1,False,50,0.5,1,False
repair-vanilla__mini-padder-01,vanilla,javascript,Dinir/mini-padder,repo/vanilla/mini-padder,12,7,5,12,12,20,32,900.0,6,25,50,0.5,1,False,58.33,0.5833,1,False
repair-vanilla__minimal-notes-01,vanilla,javascript,vladocar/Minimal-Notes,repo/vanilla/minimal-notes,12,6,6,12,12,18,30,900.0,3,27,,,,,,,,
repair-vanilla__minipaint-01,vanilla,javascript,vanilla/minipaint,repo/vanilla/minipaint,17,0,0,5,27,60,87,900.0,13,57,37.04,0.3704,1,False,0,0,0.1333,False
repair-vanilla__modern-portfolio-website-template-01,vanilla,javascript,vanilla/modern-portfolio-website-template,repo/vanilla/modern-portfolio-website-template,12,7,5,12,12,20,32,1800.0,3,34,60,0.6667,0.9,False,46.67,0.5833,0.8,False
repair-vanilla__mogul-christmas-01,vanilla,javascript,KendallDoesCoding/mogul-christmas,repo/vanilla/mogul-christmas,12,7,5,12,12,13,25,1800.0,5,23,,,,,,,,
repair-vanilla__monopoly-vanilla-01,vanilla,javascript,vanilla/monopoly-vanilla,repo/vanilla/monopoly-vanilla,12,6,6,12,12,18,30,900.0,3,44,50,0.5,1,False,47.22,0.5,0.9444,False
repair-vanilla__moon-rover-01,vanilla,javascript,vanilla/moon-rover,repo/vanilla/moon-rover,12,7,5,12,12,19,31,2400.0,7,27,50,0.5,1,False,50,0.5,1,False
repair-vanilla__moovie.js-01,vanilla,javascript,BMSVieira/moovie.js,repo/vanilla/moovie.js,12,6,6,12,12,22,34,1800.0,3,24,,,,,,,,
repair-vanilla__mtr-pids-01,vanilla,javascript,HKTSS/mtr-pids,repo/vanilla/mtr-pids,12,6,6,12,12,20,32,1800.0,6,25,,,,,,,,
repair-vanilla__neovid-01,vanilla,javascript,vanilla/neovid,repo/vanilla/neovid,12,7,5,12,12,20,32,1800.0,4,25,66.67,0.6667,1,False,2.08,0.0833,0.25,False
repair-vanilla__not-my-cows-01,vanilla,javascript,vanilla/not-my-cows,repo/vanilla/not-my-cows,12,7,5,12,12,17,29,900.0,1,26,,,,,,,,
repair-vanilla__organya-js-01,vanilla,javascript,vanilla/organya-js,repo/vanilla/organya-js,12,7,5,12,12,16,28,1800.0,3,27,36.46,0.4167,0.875,False,43.75,0.5,0.875,False
repair-vanilla__ouro-01,vanilla,javascript,vanilla/ouro,repo/vanilla/ouro,12,7,5,12,12,11,23,900.0,6,32,,,,,,,,
repair-vanilla__painter-01,vanilla,javascript,wangyuheng/painter,repo/vanilla/painter,12,7,5,12,12,20,32,900.0,11,30,52.5,0.5833,0.9,False,60,0.6667,0.9,False
repair-vanilla__piskel-01,vanilla,javascript,vanilla/piskel,repo/vanilla/piskel,12,7,5,12,14,22,36,1500.0,11,41,54.55,0.5714,0.9545,False,47.73,0.5,0.9545,False
repair-vanilla__pixel-paint-01,vanilla,javascript,vanilla/pixel-paint,repo/vanilla/pixel-paint,12,7,5,12,12,30,42,900.0,6,28,52.5,0.5833,0.9,False,52.5,0.5833,0.9,False
repair-vanilla__poker-01,vanilla,javascript,Tehes/poker,repo/vanilla/poker,12,6,6,12,12,31,43,1800.0,6,24,,,,,,,,
repair-vanilla__portfolio-2-01,vanilla,javascript,vanilla/portfolio-2,repo/vanilla/portfolio-2,12,7,5,12,12,10,22,900.0,6,38,,,,,,,,
repair-vanilla__portfolio-template-landing-page-01,vanilla,javascript,vanilla/portfolio-template-landing-page,repo/vanilla/portfolio-template-landing-page,12,7,5,12,12,12,24,900.0,4,24,,,,,,,,
repair-vanilla__progress-knight-01,vanilla,javascript,vanilla/progress-knight,repo/vanilla/progress-knight,12,7,5,12,12,29,41,900.0,4,29,41.67,0.4167,1,False,26.44,0.3333,0.7931,False
repair-vanilla__pulseq-01,vanilla,javascript,vanilla/pulseq,repo/vanilla/pulseq,12,7,5,12,12,22,34,1800.0,8,38,47.73,0.5,0.9545,False,45.45,0.5,0.9091,False
repair-vanilla__realworld-wc-01,vanilla,javascript,vanilla/realworld-wc,repo/vanilla/realworld-wc,12,7,5,12,17,23,40,1500.0,11,32,48.34,0.5294,0.913,False,52.94,0.5294,1,False
repair-vanilla__retropad-editor-01,vanilla,javascript,Valent-in/retropad-editor,repo/vanilla/retropad-editor,12,6,6,12,12,22,34,1800.0,3,24,,,,,,,,
repair-vanilla__slickgrid-01,vanilla,typescript,vanilla/slickgrid,repo/vanilla/slickgrid,12,6,6,12,12,21,33,1800.0,7,25,50,0.5,1,False,39.68,0.4167,0.9524,False
repair-vanilla__slot-game-01,vanilla,javascript,vanilla/slot-game,repo/vanilla/slot-game,12,6,6,12,12,21,33,1800.0,7,26,58.33,0.5833,1,False,42.86,0.5,0.8571,False
repair-vanilla__slugg-01,vanilla,javascript,vanilla/slugg,repo/vanilla/slugg,12,7,5,12,12,30,42,900.0,8,24,,,,,,,,
repair-vanilla__snake-vanilla-01,vanilla,javascript,SunQQQ/snake,repo/vanilla/snake,12,6,6,12,12,22,34,1200.0,4,24,,,,,,,,
repair-vanilla__spotify-clone-01,vanilla,javascript,ParthPipermintwala/Spotify-Clone,repo/vanilla/spotify-clone,12,7,5,12,12,19,31,1800.0,6,26,,,,,,,,
repair-vanilla__stampadia-generals-01,vanilla,javascript,kesiev/stampadia-generals,repo/vanilla/stampadia-generals,12,7,5,12,12,23,35,900.0,5,28,50,0.5,1,False,50,0.5,1,False
repair-vanilla__star-battle-01,vanilla,javascript,vanilla/star-battle,repo/vanilla/star-battle,12,7,5,12,12,27,39,900.0,8,29,75,0.75,1,False,58.33,0.5833,1,False
repair-vanilla__summernote-01,vanilla,javascript,vanilla/summernote,repo/vanilla/summernote,12,0,0,12,12,14,26,900.0,9,35,54.17,0.5833,0.9286,False,50,0.5833,0.8571,False
repair-vanilla__svgedit-01,vanilla,javascript,vanilla/svgedit,repo/vanilla/svgedit,12,0,0,10,13,25,38,1800.0,9,32,61.54,0.6154,1,False,0,0,0,False
repair-vanilla__svgomg-01,vanilla,javascript,vanilla/svgomg,repo/vanilla/svgomg,12,6,6,12,14,22,36,1500.0,9,27,50,0.5,1,False,34.09,0.3571,0.9545,False
repair-vanilla__taptaptap-01,vanilla,javascript,MahdiF/taptaptap,repo/vanilla/taptaptap,12,7,5,12,12,20,32,1800.0,3,30,,,,,,,,
repair-vanilla__tetris-01,vanilla,javascript,cgolden15/tetris,repo/vanilla/tetris,12,7,5,12,12,34,46,1800.0,7,24,,,,,,,,
repair-vanilla__thequizarms-01,vanilla,javascript,kera-cudmore/TheQuizArms,repo/vanilla/thequizarms,12,7,5,12,12,20,32,1800.0,5,24,,,,,,,,
repair-vanilla__toaster-01,vanilla,javascript,zombieFox/toaster,repo/vanilla/toaster,12,7,5,0,12,32,44,1800.0,6,26,,,,,,,,
repair-vanilla__tss-01,vanilla,javascript,vanilla/tss,repo/vanilla/tss,12,7,5,12,12,20,32,1800.0,6,31,49.58,0.5833,0.85,False,49.58,0.5833,0.85,False
repair-vanilla__uniquizzes-01,vanilla,javascript,dag7dev/UniQuizzes,repo/vanilla/uniquizzes,12,7,5,12,12,20,32,1800.0,3,24,,,,,,,,
repair-vanilla__urmusic-01,vanilla,javascript,nasso/urmusic,repo/vanilla/urmusic,12,7,5,12,12,42,54,1800.0,4,24,,,,,,,,
repair-vanilla__vditor-01,vanilla,typescript,vanilla/vditor,repo/vanilla/vditor,12,0,0,12,12,14,26,900.0,12,26,58.33,0.5833,1,False,35.71,0.4167,0.8571,False
repair-vanilla__weather-app-js-01,vanilla,javascript,alirezahoseini/Weather-App-JS,repo/vanilla/weather-app-js,12,7,5,12,12,20,32,1800.0,7,24,,,,,,,,
repair-vanilla__x-spreadsheet-01,vanilla,javascript,vanilla/x-spreadsheet,repo/vanilla/x-spreadsheet,12,7,5,10,16,21,37,900.0,8,36,67.86,0.75,0.9048,False,37.5,0.4375,0.8571,False
repair-vanilla__yet-another-idle-rpg-01,vanilla,javascript,vanilla/yet-another-idle-rpg,repo/vanilla/yet-another-idle-rpg,12,7,5,12,12,16,28,1800.0,5,30,58.33,0.5833,1,False,58.33,0.5833,1,False
repair-vanilla__zombie-hunter-01,vanilla,javascript,Milchreis/zombie-hunter,repo/vanilla/zombie-hunter,12,7,5,12,12,24,36,1800.0,8,24,,,,,,,,
repair-vue__admin-one-vue-tailwind-01,vue,javascript,vue/admin-one-vue-tailwind,repo/vue/admin-one-vue-tailwind,12,6,6,12,12,17,29,900.0,12,26,47.06,0.5,0.9412,False,33.33,0.3333,1,False
repair-vue__admin_vue3_vite-01,vue,javascript,vue/admin_vue3_vite,repo/vue/admin_vue3_vite,12,7,5,12,12,23,35,1800.0,12,24,,,,,,,,
repair-vue__architectui-vue-01,vue,javascript,vue/architectui-vue,repo/vue/architectui-vue,12,7,5,12,12,20,32,1260.0,10,25,,,,,,,,
repair-vue__arco-design-pro-vue-01,vue,javascript,vue/arco-design-pro-vue,repo/vue/arco-design-pro-vue,12,7,5,12,11,14,25,900.0,10,24,54.55,0.5455,1,False,45.45,0.4545,1,False
repair-vue__argon-dashboard-vue3-01,vue,typescript,vue/argon-dashboard-vue3,repo/vue/argon-dashboard-vue3,12,7,5,12,12,23,35,900.0,12,28,,,,,,,,
repair-vue__art-design-pro-01,vue,javascript,vue/art-design-pro,repo/vue/art-design-pro,12,6,6,12,11,10,21,900.0,10,31,36.36,0.3636,1,False,36.36,0.3636,1,False
repair-vue__avatar-maker-01,vue,javascript,vue/avatar-maker,repo/vue/avatar-maker,12,7,5,12,12,23,35,2400.0,9,24,,,,,,,,
repair-vue__ayanami-01,vue,typescript,vue/ayanami,repo/vue/ayanami,12,7,5,12,12,23,35,1800.0,10,24,,,,,,,,
repair-vue__bitmappery-01,vue,javascript,vue/bitmappery,repo/vue/bitmappery,12,6,6,12,12,19,31,2400.0,12,24,41.67,0.4167,1,False,37.28,0.4167,0.8947,False
repair-vue__code-run-01,vue,javascript,vue/code-run,repo/vue/code-run,12,6,6,12,12,29,41,1800.0,9,35,56.32,0.5833,0.9655,False,48.28,0.5,0.9655,False
repair-vue__cool-admin-vue-01,vue,typescript,cool-team-official/cool-admin-vue,repo/vue/cool-admin-vue,12,7,5,12,12,17,29,1200.0,12,29,47.06,0.5,0.9412,False,39.22,0.4167,0.9412,False
repair-vue__coreui-free-vue-01,vue,javascript,vue/coreui-free-vue,repo/vue/coreui-free-vue,12,0,0,12,12,10,22,900.0,10,26,52.5,0.5833,0.9,False,40,0.5,0.8,False
repair-vue__d2-admin-01,vue,javascript,vue/d2-admin,repo/vue/d2-admin,12,0,0,12,12,25,37,900.0,12,28,56,0.5833,0.96,False,48,0.5,0.96,False
repair-vue__dashy-01,vue,javascript,vue/dashy,repo/vue/dashy,10,6,4,10,12,17,29,1800.0,7,18,58.82,0.6667,0.8824,False,51.47,0.5833,0.8824,False
repair-vue__dmarcguard-01,vue,javascript,vue/dmarcguard,repo/vue/dmarcguard,12,7,5,12,12,20,32,900.0,7,24,52.5,0.5833,0.9,False,58.33,0.5833,1,False
repair-vue__domternal-01,vue,typescript,vue/domternal,repo/vue/domternal,12,7,5,12,12,22,34,3600.0,11,32,41.67,0.4167,1,False,58.33,0.5833,1,False
repair-vue__doppelkopf-01,vue,typescript,hamvocke/doppelkopf,repo/vue/doppelkopf,12,7,5,12,12,26,38,1500.0,10,26,,,,,,,,
repair-vue__dsp-blueprint-editor-01,vue,typescript,vue/dsp-blueprint-editor,repo/vue/dsp-blueprint-editor,12,7,5,12,12,23,35,2400.0,6,24,,,,,,,,
repair-vue__e-card-01,vue,typescript,SmallTeddyGames/e-card,repo/vue/e-card,12,7,5,12,12,21,33,1800.0,10,26,63.49,0.6667,0.9524,False,47.62,0.5,0.9524,False
repair-vue__elegant-admin-01,vue,typescript,vue/elegant-admin,repo/vue/elegant-admin,12,6,6,12,12,22,34,900.0,12,24,,,,,,,,
repair-vue__focustide-01,vue,typescript,vue/focustide,repo/vue/focustide,10,0,0,1,10,17,27,1200.0,9,36,50,0.5,1,False,26.47,0.3,0.8824,False
repair-vue__geeker-admin-01,vue,typescript,vue/geeker-admin,repo/vue/geeker-admin,12,7,5,12,12,22,34,1800.0,6,24,,,,,,,,
repair-vue__gui.for.singbox-01,vue,typescript,vue/gui.for.singbox,repo/vue/gui.for.singbox,12,7,5,12,12,22,34,1200.0,8,22,,,,,,,,
repair-vue__homer-01,vue,javascript,vue/homer,repo/vue/homer,12,7,5,12,12,17,29,900.0,12,28,50,0.5,1,False,29.41,0.3333,0.8824,False
repair-vue__idle-negentropy-war-01,vue,javascript,vue/idle-negentropy-war,repo/vue/idle-negentropy-war,12,7,5,12,12,23,35,900.0,12,24,58.33,0.5833,1,False,58.33,0.5833,1,False
repair-vue__idle-wild-my-survival-saga-01,vue,javascript,vue/idle-wild-my-survival-saga,repo/vue/idle-wild-my-survival-saga,12,0,0,12,12,23,35,900.0,12,24,58.33,0.5833,1,False,50,0.5,1,False
repair-vue__idle-xiuxian-01,vue,javascript,vue/idle-xiuxian,repo/vue/idle-xiuxian,12,0,0,12,12,24,36,900.0,12,24,39.93,0.4167,0.9583,False,31.94,0.3333,0.9583,False
repair-vue__jeecguniapp-01,vue,typescript,vue/jeecguniapp,repo/vue/jeecguniapp,12,7,5,12,12,22,34,2400.0,10,28,,,,,,,,
repair-vue__markdown-online-editor-01,vue,javascript,vue/markdown-online-editor,repo/vue/markdown-online-editor,12,6,6,12,12,17,29,900.0,9,28,31.86,0.4167,0.7647,False,25.49,0.3333,0.7647,False
repair-vue__montage-01,vue,typescript,vue/montage,repo/vue/montage,12,7,5,12,12,20,32,1200.0,5,28,,,,,,,,
repair-vue__naive-ui-admin-01,vue,typescript,vue/naive-ui-admin,repo/vue/naive-ui-admin,12,7,5,12,12,26,38,1200.0,12,24,,,,,,,,
repair-vue__ocular-01,vue,typescript,vue/ocular,repo/vue/ocular,12,7,5,12,12,23,35,1800.0,11,24,,,,,,,,
repair-vue__ogame-vue-ts-01,vue,typescript,vue/ogame-vue-ts,repo/vue/ogame-vue-ts,12,7,5,12,12,23,35,1200.0,12,24,,,,,,,,
repair-vue__profectus-01,vue,typescript,vue/profectus,repo/vue/profectus,12,7,5,12,12,22,34,1080.0,10,26,,,,,,,,
repair-vue__restfox-ui-01,vue,typescript,vue/restfox-ui,repo/vue/restfox-ui,12,0,0,12,12,14,26,900.0,6,28,50,0.5,1,False,38.69,0.4167,0.9286,False
repair-vue__shadcn-vue-admin-01,vue,typescript,vue/shadcn-vue-admin,repo/vue/shadcn-vue-admin,12,7,5,12,12,18,30,900.0,12,24,,,,,,,,
repair-vue__solomd-01,vue,javascript,vue/solomd,repo/vue/solomd,12,0,0,12,12,14,26,900.0,9,31,45.83,0.5833,0.7857,False,0,,,True
repair-vue__synced-lyrics-editor-webapp-v2-01,vue,typescript,obillekyle/synced-lyrics-editor-webapp-v2,repo/vue/synced-lyrics-editor-webapp-v2,12,7,5,12,12,23,35,900.0,1,25,66.67,0.6667,1,False,58.33,0.5833,1,False
repair-vue__tauri-xs-admin-01,vue,typescript,vue/tauri-xs-admin,repo/vue/tauri-xs-admin,12,7,5,12,12,21,33,900.0,12,24,55.56,0.5833,0.9524,False,37.7,0.4167,0.9048,False
repair-vue__threejs-editor-vue-01,vue,javascript,vue/threejs-editor-vue,repo/vue/threejs-editor-vue,12,6,6,12,12,22,34,900.0,3,29,53.03,0.5833,0.9091,False,50,0.5,1,False
repair-vue__uview-pro-01,vue,typescript,anyup/uView-Pro,repo/vue/uview-pro,12,7,5,12,12,17,29,900.0,4,24,47.06,0.5,0.9412,False,47.06,0.5,0.9412,False
repair-vue__variant-form3-01,vue,javascript,vue/variant-form3,repo/vue/variant-form3,12,7,5,12,12,20,32,1500.0,9,26,,,,,,,,
repair-vue__vite-vue3-lowcode-01,vue,typescript,vue/vite-vue3-lowcode,repo/vue/vite-vue3-lowcode,12,7,5,12,12,22,34,3600.0,9,24,,,,,,,,
repair-vue__vue-admin-01,vue,typescript,vue/vue-admin,repo/vue/vue-admin,12,7,5,12,12,23,35,1800.0,9,24,,,,,,,,
repair-vue__vue-admin-box-01,vue,typescript,vue/vue-admin-box,repo/vue/vue-admin-box,12,7,5,12,12,24,36,1800.0,12,25,55.9,0.5833,0.9583,False,50,0.5,1,False
repair-vue__vue-color-avatar-01,vue,typescript,vue/vue-color-avatar,repo/vue/vue-color-avatar,12,6,6,8,16,15,31,900.0,8,52,20.83,0.3125,0.6667,False,50,0.5,1,False
repair-vue__vue-crypto-dashboard-01,vue,javascript,vue/vue-crypto-dashboard,repo/vue/vue-crypto-dashboard,11,6,5,11,16,10,26,1500.0,7,47,55,0.6875,0.8,False,50,0.625,0.8,False
repair-vue__vue-element-admin-01,vue,javascript,vue/vue-element-admin,repo/vue/vue-element-admin,17,0,0,5,23,36,59,1200.0,9,50,52.17,0.5217,1,False,0,0,0.0556,False
repair-vue__vue-fabric-editor-01,vue,typescript,vue/vue-fabric-editor,repo/vue/vue-fabric-editor,12,6,6,12,13,28,41,2400.0,12,35,37.09,0.3846,0.9643,False,29.67,0.3077,0.9643,False
repair-vue__vue-manage-system-01,vue,javascript,vue/vue-manage-system,repo/vue/vue-manage-system,12,10,2,12,12,12,24,1800.0,10,24,66.67,0.6667,1,False,58.33,0.5833,1,False
repair-vue__vue-maze-01,vue,typescript,meganetaaan/vue-maze,repo/vue/vue-maze,12,7,5,12,12,20,32,900.0,5,36,,,,,,,,
repair-vue__vue-pure-admin-01,vue,typescript,vue/vue-pure-admin,repo/vue/vue-pure-admin,12,0,0,12,12,14,26,900.0,9,37,38.69,0.4167,0.9286,False,38.69,0.4167,0.9286,False
repair-vue__vue-tailwind-admin-dashboard-01,vue,typescript,vue/vue-tailwind-admin-dashboard,repo/vue/vue-tailwind-admin-dashboard,12,7,5,12,12,17,29,900.0,12,29,,,,,,,,
repair-vue__vue3-element-admin-01,vue,typescript,vue/vue3-element-admin,repo/vue/vue3-element-admin,12,7,5,12,12,26,38,900.0,12,28,58.33,0.5833,1,False,58.33,0.5833,1,False
repair-vue__vuestic-admin-01,vue,typescript,vue/vuestic-admin,repo/vue/vuestic-admin,12,6,6,12,13,25,38,1500.0,12,32,38.46,0.3846,1,False,23.08,0.2308,1,False
repair-vue__xiuxiangame-01,vue,javascript,vue/xiuxiangame,repo/vue/xiuxiangame,12,7,5,12,12,12,24,1800.0,9,23,45.83,0.5,0.9167,False,48.61,0.5833,0.8333,False
